COMMON.NAME,OBSERVATION.DATE,TIME.OBSERVATIONS.STARTED,OBSERVATION.COUNT,heure
American Crow,2022-04-29,16:05:00,1,16
American Crow,2022-04-26,17:00:00,1,17
American Crow,2022-04-23,17:19:00,2,17
American Crow,2022-04-28,06:17:00,3,6
American Crow,2022-04-17,12:29:00,1,12
American Crow,2022-04-23,17:19:00,2,17
American Crow,2022-04-02,15:31:00,12,15
American Crow,2022-04-23,08:30:00,2,8
American Crow,2022-04-22,09:02:00,2,9
American Crow,2022-04-19,09:08:00,3,9
American Crow,2022-04-23,17:19:00,2,17
American Goldfinch,2022-04-03,13:30:00,1,13
American Goldfinch,2022-04-13,09:41:00,1,9
American Goldfinch,2022-04-13,11:41:00,1,11
American Goldfinch,2022-04-02,13:15:00,7,13
American Kestrel,2022-04-29,16:05:00,1,16
American Robin,2022-04-15,07:56:00,1,7
American Robin,2022-04-12,08:38:00,1,8
American Robin,2022-04-29,16:42:00,3,16
American Robin,2022-04-23,12:11:00,6,12
American Robin,2022-04-01,17:34:00,3,17
American Robin,2022-04-26,09:46:00,2,9
American Robin,2022-04-12,10:09:00,1,10
American Robin,2022-04-27,07:27:00,1,7
American Robin,2022-04-11,10:44:00,4,10
American Robin,2022-04-28,08:44:00,3,8
American Robin,2022-04-25,15:10:00,2,15
American Robin,2022-04-21,09:42:00,1,9
American Robin,2022-04-02,09:44:00,2,9
American Robin,2022-04-17,11:10:00,1,11
American Robin,2022-04-27,09:44:00,2,9
American Robin,2022-04-29,18:00:00,1,18
American Robin,2022-04-23,11:52:00,3,11
American Robin,2022-04-09,09:08:00,2,9
American Robin,2022-04-30,09:51:00,2,9
American Robin,2022-04-18,08:25:00,1,8
American Robin,2022-04-22,12:08:00,2,12
American Robin,2022-04-26,07:35:00,1,7
American Robin,2022-04-26,17:00:00,2,17
American Robin,2022-04-25,14:14:00,1,14
American Robin,2022-04-14,17:38:00,2,17
American Robin,2022-04-14,07:18:00,2,7
American Robin,2022-04-20,09:22:00,2,9
American Robin,2022-04-15,16:31:00,1,16
American Robin,2022-04-13,08:24:00,6,8
American Robin,2022-04-11,10:40:00,3,10
American Robin,2022-04-12,18:56:00,2,18
American Robin,2022-04-26,12:00:00,2,12
American Robin,2022-04-03,10:42:00,1,10
American Robin,2022-04-28,16:15:00,1,16
American Robin,2022-04-01,17:40:00,1,17
American Robin,2022-04-30,17:20:00,1,17
American Robin,2022-04-25,08:44:00,2,8
American Robin,2022-04-17,12:29:00,1,12
American Robin,2022-04-14,16:34:00,3,16
American Robin,2022-04-30,10:44:00,2,10
American Robin,2022-04-04,12:20:00,1,12
American Robin,2022-04-10,19:08:00,3,19
American Robin,2022-04-22,10:32:00,2,10
American Robin,2022-04-07,09:30:00,2,9
American Robin,2022-04-06,09:52:00,1,9
American Robin,2022-04-04,18:14:00,2,18
American Robin,2022-04-29,09:50:00,1,9
American Robin,2022-04-27,08:45:00,2,8
American Robin,2022-04-25,18:10:00,2,18
American Robin,2022-04-18,18:06:00,1,18
American Robin,2022-04-30,10:14:00,3,10
American Robin,2022-04-13,09:54:00,6,9
American Robin,2022-04-23,12:11:00,6,12
American Robin,2022-04-03,11:20:00,2,11
American Robin,2022-04-16,10:30:00,1,10
American Robin,2022-04-21,18:08:00,3,18
American Robin,2022-04-17,10:39:00,1,10
American Robin,2022-04-02,13:15:00,1,13
American Robin,2022-04-24,14:26:00,2,14
American Robin,2022-04-24,10:24:00,1,10
American Robin,2022-04-30,13:18:00,4,13
American Robin,2022-04-13,10:15:00,8,10
American Robin,2022-04-21,15:50:00,1,15
American Robin,2022-04-24,14:33:00,1,14
American Robin,2022-04-02,09:08:00,1,9
American White Pelican,2022-04-23,08:30:00,7,8
American White Pelican,2022-04-19,18:03:00,9,18
American White Pelican,2022-04-14,14:50:00,3,14
American White Pelican,2022-04-09,15:39:00,3,15
Anhinga,2022-04-23,08:30:00,1,8
Anhinga,2022-04-14,15:14:00,1,15
Bald Eagle,2022-04-14,15:25:00,1,15
Bald Eagle,2022-04-15,13:42:00,1,13
Baltimore Oriole,2022-04-21,08:20:00,1,8
Baltimore Oriole,2022-04-13,10:15:00,2,10
Baltimore Oriole,2022-04-08,17:40:00,1,17
Baltimore Oriole,2022-04-18,11:20:00,1,11
Baltimore Oriole,2022-04-06,15:40:00,1,15
Baltimore Oriole,2022-04-26,12:00:00,1,12
Baltimore Oriole,2022-04-27,08:45:00,1,8
Baltimore Oriole,2022-04-03,17:00:00,1,17
Baltimore Oriole,2022-04-21,15:50:00,1,15
Baltimore Oriole,2022-04-19,09:08:00,1,9
Baltimore Oriole,2022-04-06,16:25:00,1,16
Baltimore Oriole,2022-04-18,17:30:00,1,17
Barn Swallow,2022-04-09,09:08:00,3,9
Barn Swallow,2022-04-22,09:02:00,2,9
Barn Swallow,2022-04-23,08:30:00,2,8
Barn Swallow,2022-04-14,14:50:00,20,14
Barn Swallow,2022-04-13,17:21:00,2,17
Barn Swallow,2022-04-14,15:14:00,4,15
Barn Swallow,2022-04-14,14:37:00,6,14
Barn Swallow,2022-04-13,10:15:00,5,10
Barn Swallow,2022-04-01,14:11:00,2,14
Barn Swallow,2022-04-23,17:19:00,3,17
Barn Swallow,2022-04-23,17:19:00,3,17
Barn Swallow,2022-04-29,16:37:00,5,16
Barn Swallow,2022-04-23,17:19:00,3,17
Belted Kingfisher,2022-04-04,17:24:00,1,17
blackbird sp.,2022-04-01,17:34:00,10,17
Black Vulture,2022-04-02,13:58:00,1,13
Black Vulture,2022-04-22,09:19:00,1,9
Black Vulture,2022-04-13,17:21:00,7,17
Black Vulture,2022-04-18,11:17:00,1,11
Black Vulture,2022-04-18,11:37:00,3,11
Black Vulture,2022-04-29,16:46:00,1,16
Black Vulture,2022-04-23,12:11:00,1,12
Black Vulture,2022-04-22,09:02:00,1,9
Black Vulture,2022-04-23,08:30:00,3,8
Black Vulture,2022-04-23,09:53:00,21,9
Black Vulture,2022-04-23,12:11:00,1,12
Black Vulture,2022-04-13,17:00:00,2,17
Black Vulture,2022-04-18,11:17:00,1,11
Black Vulture,2022-04-24,10:35:00,1,10
Black Vulture,2022-04-18,11:17:00,1,11
Blue Grosbeak,2022-04-23,12:11:00,1,12
Blue Grosbeak,2022-04-23,12:11:00,1,12
Blue Grosbeak,2022-04-22,09:02:00,4,9
Blue Grosbeak,2022-04-19,09:08:00,6,9
Blue Jay,2022-04-24,10:18:00,1,10
Blue Jay,2022-04-07,18:10:00,2,18
Blue Jay,2022-04-30,17:20:00,1,17
Blue Jay,2022-04-24,10:35:00,4,10
Blue Jay,2022-04-12,17:55:00,1,17
Blue Jay,2022-04-30,10:44:00,1,10
Blue Jay,2022-04-14,17:38:00,1,17
Blue Jay,2022-04-02,08:00:00,1,8
Blue Jay,2022-04-27,09:44:00,2,9
Blue Jay,2022-04-27,18:10:00,2,18
Blue Jay,2022-04-25,16:05:00,2,16
Blue Jay,2022-04-10,10:12:00,1,10
Blue Jay,2022-04-21,15:50:00,1,15
Blue Jay,2022-04-12,09:28:00,1,9
Blue Jay,2022-04-13,11:41:00,2,11
Blue Jay,2022-04-13,08:24:00,6,8
Blue Jay,2022-04-19,09:08:00,2,9
Blue Jay,2022-04-18,09:22:00,2,9
Blue Jay,2022-04-26,16:30:00,2,16
Blue Jay,2022-04-28,16:15:00,1,16
Blue Jay,2022-04-27,08:42:00,1,8
Blue Jay,2022-04-30,13:18:00,2,13
Blue Jay,2022-04-25,18:10:00,4,18
Blue Jay,2022-04-29,11:56:00,2,11
Blue Jay,2022-04-23,12:11:00,4,12
Blue Jay,2022-04-26,17:00:00,1,17
Blue Jay,2022-04-24,10:24:00,2,10
Blue Jay,2022-04-25,14:14:00,1,14
Blue Jay,2022-04-26,08:44:00,1,8
Blue Jay,2022-04-26,09:46:00,2,9
Blue Jay,2022-04-17,12:34:00,1,12
Blue Jay,2022-04-29,16:42:00,1,16
Blue Jay,2022-04-22,09:02:00,2,9
Blue Jay,2022-04-13,09:54:00,2,9
Blue Jay,2022-04-04,18:14:00,1,18
Blue Jay,2022-04-23,12:11:00,4,12
Blue Jay,2022-04-09,15:39:00,1,15
Blue Jay,2022-04-29,16:05:00,3,16
Blue Jay,2022-04-25,15:10:00,1,15
Blue Jay,2022-04-27,08:45:00,2,8
Blue Jay,2022-04-09,10:14:00,2,10
Blue Jay,2022-04-02,15:31:00,2,15
Blue Jay,2022-04-01,17:40:00,2,17
Blue Jay,2022-04-03,08:35:00,5,8
Blue Jay,2022-04-30,17:35:00,2,17
Blue Jay,2022-04-23,11:52:00,2,11
Blue Jay,2022-04-13,10:15:00,2,10
Blue Jay,2022-04-01,17:34:00,2,17
Blue Jay,2022-04-26,12:00:00,2,12
Blue Jay,2022-04-15,17:48:00,1,17
Blue Jay,2022-04-21,08:20:00,2,8
Blue Jay,2022-04-15,16:31:00,2,16
Blue Jay,2022-04-05,07:56:00,1,7
Blue Jay,2022-04-29,18:00:00,2,18
Blue Jay,2022-04-13,10:40:00,1,10
Blue Jay,2022-04-18,17:30:00,2,17
Blue Jay,2022-04-02,09:44:00,2,9
Blue Jay,2022-04-23,08:30:00,1,8
Blue Jay,2022-04-08,10:12:00,2,10
Blue Jay,2022-04-06,16:25:00,1,16
Brown-headed Cowbird,2022-04-13,17:00:00,5,17
Brown-headed Cowbird,2022-04-19,09:08:00,2,9
Brown-headed Cowbird,2022-04-24,10:35:00,1,10
Brown-headed Cowbird,2022-04-09,15:39:00,2,15
Brown-headed Cowbird,2022-04-13,10:15:00,11,10
Brown-headed Cowbird,2022-04-09,09:08:00,8,9
Brown-headed Cowbird,2022-04-27,08:45:00,2,8
Brown-headed Cowbird,2022-04-23,08:30:00,6,8
Brown-headed Cowbird,2022-04-29,16:05:00,2,16
Brown-headed Cowbird,2022-04-01,17:34:00,4,17
Brown-headed Cowbird,2022-04-09,10:14:00,1,10
Brown-headed Nuthatch,2022-04-01,14:59:00,2,14
Brown-headed Nuthatch,2022-04-06,11:04:00,1,11
Brown-headed Nuthatch,2022-04-30,10:14:00,1,10
Brown-headed Nuthatch,2022-04-07,09:30:00,1,9
Brown-headed Nuthatch,2022-04-24,14:33:00,1,14
Brown-headed Nuthatch,2022-04-24,10:18:00,1,10
Brown-headed Nuthatch,2022-04-13,11:44:00,1,11
Brown-headed Nuthatch,2022-04-05,07:56:00,1,7
Brown-headed Nuthatch,2022-04-02,13:58:00,1,13
Barred Owl,2022-04-02,19:30:00,1,19
Barred Owl,2022-04-02,08:00:00,1,8
Barred Owl,2022-04-28,06:17:00,2,6
Barred Owl,2022-04-18,17:19:00,1,17
Brown Thrasher,2022-04-15,17:48:00,2,17
Brown Thrasher,2022-04-09,10:14:00,1,10
Brown Thrasher,2022-04-19,11:42:00,1,11
Brown Thrasher,2022-04-03,10:42:00,1,10
Brown Thrasher,2022-04-20,18:35:00,1,18
Brown Thrasher,2022-04-16,10:30:00,1,10
Brown Thrasher,2022-04-13,09:41:00,1,9
Brown Thrasher,2022-04-14,07:18:00,2,7
Brown Thrasher,2022-04-26,07:35:00,1,7
Brown Thrasher,2022-04-07,09:30:00,1,9
Brown Thrasher,2022-04-13,08:24:00,4,8
Brown Thrasher,2022-04-14,07:44:00,2,7
Brown Thrasher,2022-04-11,15:30:00,1,15
Brown Thrasher,2022-04-07,10:32:00,1,10
Brown Thrasher,2022-04-22,09:02:00,2,9
Brown Thrasher,2022-04-25,14:14:00,1,14
Brown Thrasher,2022-04-11,12:13:00,1,12
Brown Thrasher,2022-04-13,11:44:00,2,11
Brown Thrasher,2022-04-09,12:14:00,1,12
Brown Thrasher,2022-04-09,09:08:00,1,9
Brown Thrasher,2022-04-17,11:10:00,1,11
Brown Thrasher,2022-04-12,09:28:00,1,9
Brown Thrasher,2022-04-05,15:57:00,1,15
Brown Thrasher,2022-04-27,09:44:00,1,9
Brown Thrasher,2022-04-13,09:54:00,2,9
Brown Thrasher,2022-04-28,08:44:00,2,8
Brown Thrasher,2022-04-27,08:45:00,2,8
Brown Thrasher,2022-04-13,10:40:00,2,10
Brown Thrasher,2022-04-26,17:00:00,3,17
Brown Thrasher,2022-04-26,18:31:00,2,18
Brown Thrasher,2022-04-21,09:42:00,2,9
Brown Thrasher,2022-04-26,12:00:00,5,12
Brown Thrasher,2022-04-10,19:08:00,2,19
Brown Thrasher,2022-04-13,17:00:00,1,17
Brown Thrasher,2022-04-29,16:05:00,2,16
Brown Thrasher,2022-04-22,12:08:00,1,12
Brown Thrasher,2022-04-09,09:44:00,1,9
Brown Thrasher,2022-04-19,09:08:00,1,9
Brown Thrasher,2022-04-24,14:33:00,1,14
Brown Thrasher,2022-04-29,09:50:00,2,9
Brown Thrasher,2022-04-19,15:52:00,1,15
Brown Thrasher,2022-04-02,09:08:00,1,9
Brown Thrasher,2022-04-18,18:06:00,1,18
Brown Thrasher,2022-04-21,15:50:00,1,15
Brown Thrasher,2022-04-23,08:30:00,1,8
Brown Thrasher,2022-04-03,11:20:00,1,11
Brown Thrasher,2022-04-10,10:12:00,1,10
Brown Thrasher,2022-04-24,14:26:00,1,14
Brown Thrasher,2022-04-26,16:30:00,1,16
Brown Thrasher,2022-04-14,17:44:00,2,17
Brown Thrasher,2022-04-26,09:46:00,1,9
Broad-winged Hawk,2022-04-23,12:11:00,1,12
Broad-winged Hawk,2022-04-23,12:11:00,1,12
Black-throated Green Warbler,2022-04-03,08:35:00,1,8
Blue-gray Gnatcatcher,2022-04-13,10:15:00,1,10
Blue-gray Gnatcatcher,2022-04-24,10:35:00,1,10
Blue-gray Gnatcatcher,2022-04-24,10:18:00,1,10
Blue-gray Gnatcatcher,2022-04-28,06:17:00,1,6
Blue-gray Gnatcatcher,2022-04-01,17:34:00,2,17
Blue-headed Vireo,2022-04-03,09:38:00,1,9
Blue-headed Vireo,2022-04-24,10:35:00,1,10
Blue-winged Teal,2022-04-09,13:02:00,6,13
Blue-winged Teal,2022-04-13,10:15:00,2,10
Canada Goose,2022-04-23,17:19:00,2,17
Canada Goose,2022-04-13,17:21:00,10,17
Canada Goose,2022-04-23,17:19:00,2,17
Canada Goose,2022-04-09,15:39:00,4,15
Canada Goose,2022-04-29,16:46:00,1,16
Canada Goose,2022-04-29,16:05:00,2,16
Canada Goose,2022-04-24,10:18:00,1,10
Canada Goose,2022-04-14,15:14:00,1,15
Canada Goose,2022-04-04,17:24:00,5,17
Canada Goose,2022-04-14,14:50:00,5,14
Canada Goose,2022-04-17,12:29:00,17,12
Canada Goose,2022-04-09,09:08:00,12,9
Canada Goose,2022-04-23,08:30:00,2,8
Canada Goose,2022-04-23,17:19:00,2,17
Carolina Chickadee,2022-04-23,08:30:00,1,8
Carolina Chickadee,2022-04-23,12:11:00,5,12
Carolina Chickadee,2022-04-19,09:08:00,2,9
Carolina Chickadee,2022-04-12,11:32:00,2,11
Carolina Chickadee,2022-04-03,08:35:00,1,8
Carolina Chickadee,2022-04-06,13:03:00,1,13
Carolina Chickadee,2022-04-02,09:44:00,1,9
Carolina Chickadee,2022-04-25,15:10:00,1,15
Carolina Chickadee,2022-04-17,09:12:00,2,9
Carolina Chickadee,2022-04-14,17:44:00,1,17
Carolina Chickadee,2022-04-29,16:05:00,2,16
Carolina Chickadee,2022-04-01,17:34:00,1,17
Carolina Chickadee,2022-04-01,14:59:00,1,14
Carolina Chickadee,2022-04-26,17:00:00,2,17
Carolina Chickadee,2022-04-27,08:45:00,1,8
Carolina Chickadee,2022-04-17,12:34:00,2,12
Carolina Chickadee,2022-04-13,09:25:00,2,9
Carolina Chickadee,2022-04-13,09:41:00,1,9
Carolina Chickadee,2022-04-25,14:19:00,1,14
Carolina Chickadee,2022-04-22,16:15:00,2,16
Carolina Chickadee,2022-04-30,17:20:00,1,17
Carolina Chickadee,2022-04-29,09:50:00,1,9
Carolina Chickadee,2022-04-18,17:30:00,1,17
Carolina Chickadee,2022-04-24,10:35:00,2,10
Carolina Chickadee,2022-04-27,18:10:00,2,18
Carolina Chickadee,2022-04-21,08:20:00,2,8
Carolina Chickadee,2022-04-23,12:11:00,5,12
Carolina Chickadee,2022-04-22,09:02:00,1,9
Carolina Wren,2022-04-29,16:42:00,1,16
Carolina Wren,2022-04-03,08:35:00,5,8
Carolina Wren,2022-04-23,12:11:00,7,12
Carolina Wren,2022-04-21,08:20:00,2,8
Carolina Wren,2022-04-25,15:10:00,2,15
Carolina Wren,2022-04-02,13:58:00,1,13
Carolina Wren,2022-04-09,13:02:00,1,13
Carolina Wren,2022-04-13,11:41:00,3,11
Carolina Wren,2022-04-24,10:24:00,1,10
Carolina Wren,2022-04-23,16:10:00,1,16
Carolina Wren,2022-04-19,09:08:00,5,9
Carolina Wren,2022-04-12,10:09:00,1,10
Carolina Wren,2022-04-11,10:44:00,4,10
Carolina Wren,2022-04-25,14:14:00,3,14
Carolina Wren,2022-04-19,15:52:00,1,15
Carolina Wren,2022-04-10,11:08:00,2,11
Carolina Wren,2022-04-18,17:30:00,1,17
Carolina Wren,2022-04-26,16:30:00,1,16
Carolina Wren,2022-04-24,14:26:00,1,14
Carolina Wren,2022-04-14,17:44:00,3,17
Carolina Wren,2022-04-26,07:35:00,4,7
Carolina Wren,2022-04-27,09:00:00,1,9
Carolina Wren,2022-04-03,09:38:00,2,9
Carolina Wren,2022-04-15,04:23:00,1,4
Carolina Wren,2022-04-14,14:33:00,1,14
Carolina Wren,2022-04-09,09:44:00,1,9
Carolina Wren,2022-04-09,12:14:00,2,12
Carolina Wren,2022-04-07,09:30:00,1,9
Carolina Wren,2022-04-27,08:45:00,4,8
Carolina Wren,2022-04-12,09:28:00,1,9
Carolina Wren,2022-04-23,12:11:00,7,12
Carolina Wren,2022-04-14,16:34:00,1,16
Carolina Wren,2022-04-02,13:15:00,1,13
Carolina Wren,2022-04-18,08:25:00,2,8
Carolina Wren,2022-04-21,18:08:00,1,18
Carolina Wren,2022-04-13,09:41:00,2,9
Carolina Wren,2022-04-12,18:56:00,2,18
Carolina Wren,2022-04-10,19:08:00,1,19
Carolina Wren,2022-04-01,14:59:00,1,14
Carolina Wren,2022-04-08,17:40:00,1,17
Carolina Wren,2022-04-29,18:00:00,1,18
Carolina Wren,2022-04-06,13:03:00,1,13
Carolina Wren,2022-04-26,17:00:00,2,17
Carolina Wren,2022-04-23,15:04:00,1,15
Carolina Wren,2022-04-23,10:55:00,3,10
Carolina Wren,2022-04-28,16:15:00,1,16
Carolina Wren,2022-04-18,09:22:00,1,9
Carolina Wren,2022-04-30,09:51:00,5,9
Carolina Wren,2022-04-12,17:55:00,1,17
Carolina Wren,2022-04-09,10:14:00,1,10
Carolina Wren,2022-04-30,17:35:00,1,17
Carolina Wren,2022-04-22,09:02:00,1,9
Carolina Wren,2022-04-26,09:46:00,1,9
Carolina Wren,2022-04-13,11:44:00,1,11
Carolina Wren,2022-04-13,09:25:00,1,9
Carolina Wren,2022-04-27,18:10:00,2,18
Carolina Wren,2022-04-24,10:35:00,8,10
Carolina Wren,2022-04-14,17:38:00,2,17
Carolina Wren,2022-04-14,07:18:00,1,7
Carolina Wren,2022-04-24,18:50:00,1,18
Carolina Wren,2022-04-13,09:54:00,1,9
Carolina Wren,2022-04-21,15:50:00,2,15
Carolina Wren,2022-04-26,12:00:00,4,12
Carolina Wren,2022-04-01,17:34:00,2,17
Carolina Wren,2022-04-06,16:25:00,2,16
Carolina Wren,2022-04-25,16:05:00,1,16
Carolina Wren,2022-04-29,11:56:00,1,11
Cattle Egret,2022-04-23,08:30:00,1,8
Cattle Egret,2022-04-23,17:19:00,5,17
Cattle Egret,2022-04-23,17:19:00,5,17
Cattle Egret,2022-04-23,17:19:00,5,17
Cedar Waxwing,2022-04-15,16:31:00,10,16
Cedar Waxwing,2022-04-10,10:12:00,6,10
Cedar Waxwing,2022-04-26,12:00:00,2,12
Cedar Waxwing,2022-04-01,14:11:00,3,14
Cedar Waxwing,2022-04-01,17:34:00,10,17
Cedar Waxwing,2022-04-30,17:20:00,1,17
Cedar Waxwing,2022-04-13,10:15:00,24,10
Cedar Waxwing,2022-04-10,09:54:00,2,9
Cedar Waxwing,2022-04-06,16:25:00,5,16
Cedar Waxwing,2022-04-13,08:24:00,15,8
Cedar Waxwing,2022-04-12,17:55:00,6,17
Cedar Waxwing,2022-04-25,15:10:00,5,15
Cedar Waxwing,2022-04-03,08:35:00,1,8
Chipping Sparrow,2022-04-12,10:09:00,2,10
Chipping Sparrow,2022-04-01,14:11:00,2,14
Chipping Sparrow,2022-04-04,12:20:00,2,12
Chipping Sparrow,2022-04-13,09:54:00,2,9
Chipping Sparrow,2022-04-13,10:15:00,8,10
Chipping Sparrow,2022-04-17,12:34:00,1,12
Chipping Sparrow,2022-04-03,08:35:00,1,8
Chipping Sparrow,2022-04-13,08:24:00,2,8
Chipping Sparrow,2022-04-11,10:44:00,3,10
Chipping Sparrow,2022-04-02,16:46:00,1,16
Chipping Sparrow,2022-04-13,09:41:00,1,9
Chimney Swift,2022-04-14,17:38:00,4,17
Chimney Swift,2022-04-25,18:10:00,1,18
Chimney Swift,2022-04-13,17:21:00,4,17
Chimney Swift,2022-04-25,15:10:00,1,15
Chimney Swift,2022-04-13,08:24:00,3,8
Chimney Swift,2022-04-13,10:15:00,2,10
Chimney Swift,2022-04-14,16:34:00,6,16
Chimney Swift,2022-04-14,14:33:00,4,14
Chimney Swift,2022-04-24,18:50:00,2,18
Chimney Swift,2022-04-15,17:48:00,2,17
Chuck-will's-widow,2022-04-28,06:17:00,2,6
Cliff Swallow,2022-04-26,17:00:00,5,17
Cliff Swallow,2022-04-29,16:37:00,2,16
Cliff Swallow,2022-04-27,08:45:00,150,8
Common Grackle,2022-04-24,10:18:00,1,10
Common Grackle,2022-04-13,13:44:00,3,13
Common Grackle,2022-04-23,14:13:00,2,14
Common Grackle,2022-04-19,09:08:00,3,9
Common Grackle,2022-04-23,08:30:00,3,8
Common Grackle,2022-04-13,17:21:00,2,17
Common Grackle,2022-04-25,15:10:00,2,15
Common Grackle,2022-04-29,16:37:00,1,16
Common Nighthawk,2022-04-25,15:10:00,1,15
Common Nighthawk,2022-04-13,19:17:00,1,19
Common Yellowthroat,2022-04-24,10:35:00,1,10
Cooper's Hawk,2022-04-29,16:37:00,1,16
Cooper's Hawk,2022-04-15,07:16:00,1,7
Cooper's Hawk,2022-04-02,10:11:00,1,10
Cooper's Hawk,2022-04-13,10:40:00,1,10
Cooper's Hawk,2022-04-14,14:50:00,1,14
Cooper's Hawk,2022-04-04,17:24:00,1,17
Cooper's Hawk,2022-04-29,16:42:00,1,16
Cooper's Hawk,2022-04-30,13:18:00,1,13
crow sp.,2022-04-09,10:14:00,3,10
crow sp.,2022-04-23,14:13:00,2,14
crow sp.,2022-04-08,10:12:00,2,10
crow sp.,2022-04-12,18:56:00,1,18
Double-crested Cormorant,2022-04-13,17:00:00,3,17
Double-crested Cormorant,2022-04-13,17:21:00,2,17
Double-crested Cormorant,2022-04-14,14:50:00,11,14
Double-crested Cormorant,2022-04-17,12:29:00,3,12
Double-crested Cormorant,2022-04-09,09:08:00,2,9
Double-crested Cormorant,2022-04-04,17:24:00,5,17
Double-crested Cormorant,2022-04-09,15:39:00,2,15
Downy Woodpecker,2022-04-26,17:00:00,2,17
Downy Woodpecker,2022-04-24,14:33:00,2,14
Downy Woodpecker,2022-04-30,17:35:00,1,17
Downy Woodpecker,2022-04-14,16:34:00,1,16
Downy Woodpecker,2022-04-27,08:45:00,1,8
Downy Woodpecker,2022-04-26,12:00:00,1,12
Downy Woodpecker,2022-04-24,10:35:00,1,10
Downy Woodpecker,2022-04-25,15:10:00,1,15
Downy Woodpecker,2022-04-22,18:25:00,1,18
Downy Woodpecker,2022-04-03,08:35:00,1,8
Eastern Bluebird,2022-04-28,08:14:00,2,8
Eastern Bluebird,2022-04-07,10:32:00,1,10
Eastern Bluebird,2022-04-29,11:56:00,1,11
Eastern Bluebird,2022-04-24,18:50:00,1,18
Eastern Bluebird,2022-04-23,17:19:00,2,17
Eastern Bluebird,2022-04-26,09:46:00,1,9
Eastern Bluebird,2022-04-08,17:40:00,1,17
Eastern Bluebird,2022-04-09,15:39:00,1,15
Eastern Bluebird,2022-04-07,09:30:00,1,9
Eastern Bluebird,2022-04-27,08:45:00,2,8
Eastern Bluebird,2022-04-19,11:42:00,2,11
Eastern Bluebird,2022-04-21,09:42:00,2,9
Eastern Bluebird,2022-04-11,10:44:00,1,10
Eastern Bluebird,2022-04-02,11:05:00,1,11
Eastern Bluebird,2022-04-23,17:19:00,2,17
Eastern Bluebird,2022-04-18,08:25:00,1,8
Eastern Bluebird,2022-04-17,12:34:00,1,12
Eastern Bluebird,2022-04-26,08:44:00,1,8
Eastern Bluebird,2022-04-29,16:42:00,1,16
Eastern Bluebird,2022-04-27,09:00:00,1,9
Eastern Bluebird,2022-04-30,13:18:00,2,13
Eastern Bluebird,2022-04-26,07:35:00,3,7
Eastern Bluebird,2022-04-15,07:56:00,1,7
Eastern Bluebird,2022-04-22,09:02:00,1,9
Eastern Bluebird,2022-04-03,08:35:00,1,8
Eastern Bluebird,2022-04-22,12:08:00,1,12
Eastern Bluebird,2022-04-11,15:30:00,1,15
Eastern Bluebird,2022-04-24,14:26:00,2,14
Eastern Bluebird,2022-04-22,10:32:00,2,10
Eastern Bluebird,2022-04-13,09:54:00,1,9
Eastern Bluebird,2022-04-30,10:14:00,1,10
Eastern Bluebird,2022-04-23,10:58:00,1,10
Eastern Bluebird,2022-04-17,09:12:00,1,9
Eastern Bluebird,2022-04-25,08:44:00,2,8
Eastern Bluebird,2022-04-13,08:24:00,1,8
Eastern Bluebird,2022-04-17,11:07:00,2,11
Eastern Bluebird,2022-04-23,17:19:00,2,17
Eastern Bluebird,2022-04-23,08:30:00,2,8
Eastern Bluebird,2022-04-14,15:14:00,2,15
Eastern Bluebird,2022-04-23,10:55:00,3,10
Eastern Bluebird,2022-04-13,17:00:00,3,17
Eastern Bluebird,2022-04-27,08:42:00,1,8
Eastern Bluebird,2022-04-30,10:44:00,1,10
Eastern Bluebird,2022-04-18,18:06:00,2,18
Eastern Bluebird,2022-04-30,09:51:00,2,9
Eastern Bluebird,2022-04-13,10:40:00,1,10
Eastern Bluebird,2022-04-27,09:44:00,1,9
Eastern Bluebird,2022-04-28,06:17:00,1,6
Eastern Bluebird,2022-04-09,09:08:00,1,9
Eastern Bluebird,2022-04-12,17:55:00,1,17
Eastern Bluebird,2022-04-26,17:00:00,2,17
Eastern Bluebird,2022-04-18,17:30:00,2,17
Eastern Bluebird,2022-04-28,08:44:00,1,8
Eastern Bluebird,2022-04-21,08:20:00,2,8
Eastern Bluebird,2022-04-24,10:24:00,1,10
Eastern Bluebird,2022-04-26,16:30:00,1,16
Eastern Bluebird,2022-04-29,09:50:00,3,9
Eastern Bluebird,2022-04-25,16:05:00,3,16
Eastern Bluebird,2022-04-14,17:44:00,1,17
Eastern Bluebird,2022-04-13,11:44:00,2,11
Eastern Bluebird,2022-04-09,13:02:00,1,13
Eastern Bluebird,2022-04-12,10:09:00,1,10
Eastern Bluebird,2022-04-28,16:15:00,2,16
Eastern Bluebird,2022-04-01,17:40:00,1,17
Eastern Bluebird,2022-04-21,15:50:00,2,15
Eastern Bluebird,2022-04-23,11:52:00,1,11
Eastern Bluebird,2022-04-24,10:18:00,1,10
Eastern Bluebird,2022-04-25,15:10:00,1,15
Eastern Bluebird,2022-04-23,16:10:00,1,16
Eastern Bluebird,2022-04-10,09:54:00,1,9
Eastern Bluebird,2022-04-29,16:05:00,2,16
Eastern Bluebird,2022-04-27,18:10:00,1,18
Eastern Bluebird,2022-04-25,09:16:00,1,9
Eastern Bluebird,2022-04-20,09:22:00,1,9
Eastern Bluebird,2022-04-09,12:14:00,1,12
Eastern Bluebird,2022-04-01,17:34:00,2,17
Eastern Bluebird,2022-04-09,09:44:00,2,9
Eastern Bluebird,2022-04-20,18:35:00,1,18
Eastern Kingbird,2022-04-22,09:02:00,3,9
Eastern Kingbird,2022-04-24,10:18:00,1,10
Eastern Kingbird,2022-04-13,10:15:00,2,10
Eastern Kingbird,2022-04-01,14:11:00,1,14
Eastern Meadowlark,2022-04-22,09:02:00,5,9
Eastern Meadowlark,2022-04-13,17:00:00,2,17
Eastern Meadowlark,2022-04-13,08:32:00,1,8
Eastern Meadowlark,2022-04-14,15:14:00,2,15
Eastern Meadowlark,2022-04-23,17:19:00,2,17
Eastern Meadowlark,2022-04-23,17:19:00,2,17
Eastern Meadowlark,2022-04-23,17:19:00,2,17
Eastern Phoebe,2022-04-23,17:19:00,1,17
Eastern Phoebe,2022-04-25,14:14:00,1,14
Eastern Phoebe,2022-04-13,17:00:00,1,17
Eastern Phoebe,2022-04-23,17:19:00,1,17
Eastern Phoebe,2022-04-13,08:24:00,1,8
Eastern Phoebe,2022-04-26,12:00:00,1,12
Eastern Phoebe,2022-04-24,14:33:00,1,14
Eastern Phoebe,2022-04-27,08:45:00,1,8
Eastern Phoebe,2022-04-01,17:34:00,1,17
Eastern Phoebe,2022-04-11,10:44:00,2,10
Eastern Phoebe,2022-04-23,10:55:00,1,10
Eastern Phoebe,2022-04-26,17:00:00,1,17
Eastern Phoebe,2022-04-23,17:19:00,1,17
Eastern Phoebe,2022-04-10,11:08:00,2,11
Eastern Phoebe,2022-04-13,10:15:00,5,10
Eastern Phoebe,2022-04-14,15:14:00,1,15
Eastern Phoebe,2022-04-14,17:44:00,2,17
Eastern Phoebe,2022-04-13,09:41:00,1,9
Eastern Phoebe,2022-04-13,09:54:00,1,9
Eastern Phoebe,2022-04-29,16:05:00,1,16
Eastern Towhee,2022-04-22,09:02:00,1,9
Eastern Towhee,2022-04-14,16:34:00,2,16
Eastern Towhee,2022-04-13,11:41:00,2,11
Eastern Towhee,2022-04-01,17:34:00,1,17
Eastern Towhee,2022-04-24,10:30:00,1,10
Eastern Towhee,2022-04-03,08:35:00,2,8
Eurasian Collared-Dove,2022-04-13,17:00:00,1,17
Eurasian Collared-Dove,2022-04-29,16:05:00,2,16
Eurasian Collared-Dove,2022-04-23,08:30:00,1,8
Eurasian Collared-Dove,2022-04-01,17:40:00,1,17
Eurasian Collared-Dove,2022-04-17,12:34:00,1,12
European Starling,2022-04-23,11:52:00,11,11
European Starling,2022-04-14,16:34:00,2,16
European Starling,2022-04-30,10:44:00,6,10
European Starling,2022-04-25,18:10:00,2,18
European Starling,2022-04-14,14:33:00,1,14
European Starling,2022-04-29,16:37:00,1,16
European Starling,2022-04-30,10:14:00,1,10
European Starling,2022-04-04,17:24:00,6,17
European Starling,2022-04-23,17:19:00,4,17
European Starling,2022-04-02,13:58:00,4,13
European Starling,2022-04-07,18:10:00,2,18
European Starling,2022-04-11,15:30:00,3,15
European Starling,2022-04-09,15:39:00,5,15
European Starling,2022-04-13,11:44:00,8,11
European Starling,2022-04-06,11:04:00,1,11
European Starling,2022-04-02,09:08:00,1,9
European Starling,2022-04-23,17:19:00,4,17
European Starling,2022-04-14,14:37:00,5,14
European Starling,2022-04-23,14:13:00,2,14
European Starling,2022-04-01,14:11:00,1,14
European Starling,2022-04-25,08:44:00,1,8
European Starling,2022-04-22,12:08:00,6,12
European Starling,2022-04-22,09:02:00,3,9
European Starling,2022-04-11,10:40:00,3,10
European Starling,2022-04-12,08:38:00,2,8
European Starling,2022-04-13,10:40:00,5,10
European Starling,2022-04-03,08:35:00,2,8
European Starling,2022-04-24,10:24:00,3,10
European Starling,2022-04-05,07:56:00,1,7
European Starling,2022-04-15,07:56:00,2,7
European Starling,2022-04-14,17:38:00,3,17
European Starling,2022-04-19,18:03:00,11,18
European Starling,2022-04-29,16:05:00,1,16
European Starling,2022-04-12,09:28:00,2,9
European Starling,2022-04-23,17:19:00,4,17
European Starling,2022-04-12,18:56:00,3,18
European Starling,2022-04-13,17:00:00,10,17
European Starling,2022-04-09,09:08:00,10,9
European Starling,2022-04-27,08:42:00,2,8
European Starling,2022-04-28,08:14:00,2,8
Fish Crow,2022-04-09,09:08:00,3,9
Fish Crow,2022-04-13,10:15:00,6,10
Fish Crow,2022-04-25,15:10:00,2,15
Fish Crow,2022-04-28,16:15:00,1,16
Fish Crow,2022-04-08,17:40:00,2,17
Fish Crow,2022-04-29,18:00:00,2,18
Fish Crow,2022-04-11,10:44:00,1,10
Fish Crow,2022-04-13,17:21:00,2,17
Fish Crow,2022-04-27,18:10:00,1,18
Fish Crow,2022-04-13,08:24:00,4,8
Fish Crow,2022-04-27,08:45:00,2,8
Fish Crow,2022-04-25,18:10:00,1,18
Fish Crow,2022-04-26,16:30:00,1,16
Fish Crow,2022-04-06,13:03:00,2,13
Fish Crow,2022-04-12,17:55:00,1,17
Fish Crow,2022-04-06,16:25:00,1,16
Fish Crow,2022-04-20,18:35:00,3,18
Fish Crow,2022-04-24,18:50:00,50,18
Great Blue Heron,2022-04-27,08:45:00,1,8
Great Blue Heron,2022-04-23,08:30:00,1,8
Great Blue Heron,2022-04-17,11:30:00,1,11
Great Blue Heron,2022-04-22,09:02:00,1,9
Great Blue Heron,2022-04-14,15:14:00,3,15
Great Blue Heron,2022-04-09,15:39:00,1,15
Great Blue Heron,2022-04-14,14:37:00,1,14
Great Blue Heron,2022-04-17,11:25:00,1,11
Great Blue Heron,2022-04-13,10:15:00,3,10
Great Blue Heron,2022-04-04,17:24:00,1,17
Great Blue Heron,2022-04-14,14:50:00,1,14
Great Crested Flycatcher,2022-04-23,09:45:00,1,9
Great Crested Flycatcher,2022-04-23,12:11:00,6,12
Great Crested Flycatcher,2022-04-24,10:35:00,4,10
Great Crested Flycatcher,2022-04-24,10:18:00,2,10
Great Crested Flycatcher,2022-04-26,12:00:00,2,12
Great Crested Flycatcher,2022-04-26,17:00:00,2,17
Great Crested Flycatcher,2022-04-25,15:10:00,1,15
Great Crested Flycatcher,2022-04-24,09:00:00,1,9
Great Crested Flycatcher,2022-04-28,16:15:00,1,16
Great Crested Flycatcher,2022-04-30,17:35:00,1,17
Great Crested Flycatcher,2022-04-25,18:10:00,1,18
Great Crested Flycatcher,2022-04-26,16:30:00,1,16
Great Crested Flycatcher,2022-04-23,12:11:00,6,12
Great Crested Flycatcher,2022-04-22,09:02:00,2,9
Great Crested Flycatcher,2022-04-27,08:45:00,2,8
Great Crested Flycatcher,2022-04-27,18:10:00,1,18
Great Crested Flycatcher,2022-04-23,08:30:00,1,8
Great Egret,2022-04-09,09:08:00,1,9
Great Egret,2022-04-30,12:33:00,1,12
Great Egret,2022-04-04,17:24:00,2,17
Great Egret,2022-04-13,17:21:00,1,17
Great Egret,2022-04-09,13:02:00,1,13
Great Egret,2022-04-22,09:02:00,1,9
Great Egret,2022-04-14,15:14:00,1,15
Green Heron,2022-04-09,09:08:00,4,9
Green Heron,2022-04-13,17:21:00,1,17
Green Heron,2022-04-04,17:24:00,1,17
Green Heron,2022-04-13,11:41:00,1,11
Gray Catbird,2022-04-23,12:11:00,3,12
Gray Catbird,2022-04-24,10:30:00,1,10
Gray Catbird,2022-04-23,12:11:00,3,12
Hermit Thrush,2022-04-04,13:54:00,1,13
House Finch,2022-04-06,09:52:00,2,9
House Finch,2022-04-19,15:52:00,3,15
House Finch,2022-04-27,07:27:00,1,7
House Finch,2022-04-02,09:44:00,4,9
House Finch,2022-04-04,12:20:00,3,12
House Finch,2022-04-08,10:12:00,2,10
House Finch,2022-04-30,10:14:00,2,10
House Finch,2022-04-26,08:44:00,2,8
House Finch,2022-04-03,11:20:00,2,11
House Finch,2022-04-17,11:10:00,1,11
House Finch,2022-04-08,17:14:00,3,17
House Finch,2022-04-25,14:14:00,2,14
House Finch,2022-04-18,08:28:00,2,8
House Finch,2022-04-07,09:30:00,1,9
House Finch,2022-04-05,15:57:00,2,15
House Finch,2022-04-29,16:05:00,7,16
House Finch,2022-04-23,08:30:00,2,8
House Finch,2022-04-17,12:34:00,7,12
House Finch,2022-04-01,14:11:00,2,14
House Finch,2022-04-12,17:55:00,1,17
House Finch,2022-04-30,17:20:00,1,17
House Finch,2022-04-07,10:32:00,1,10
House Finch,2022-04-22,10:32:00,2,10
House Finch,2022-04-14,16:34:00,3,16
House Finch,2022-04-25,09:16:00,4,9
House Finch,2022-04-14,17:38:00,2,17
House Finch,2022-04-13,17:00:00,3,17
House Finch,2022-04-04,18:14:00,2,18
House Finch,2022-04-10,10:12:00,2,10
House Finch,2022-04-14,14:37:00,2,14
House Finch,2022-04-11,10:40:00,2,10
House Finch,2022-04-29,09:50:00,7,9
House Finch,2022-04-09,12:14:00,2,12
House Finch,2022-04-10,09:54:00,2,9
House Finch,2022-04-27,09:44:00,2,9
House Finch,2022-04-30,17:35:00,1,17
House Finch,2022-04-30,09:51:00,5,9
House Finch,2022-04-18,09:22:00,1,9
House Finch,2022-04-09,10:14:00,2,10
House Sparrow,2022-04-17,11:10:00,2,11
House Sparrow,2022-04-13,11:44:00,1,11
House Sparrow,2022-04-16,10:30:00,1,10
House Sparrow,2022-04-23,08:30:00,6,8
House Sparrow,2022-04-24,14:33:00,2,14
House Sparrow,2022-04-02,13:58:00,6,13
House Sparrow,2022-04-13,17:00:00,4,17
House Sparrow,2022-04-14,14:50:00,2,14
House Sparrow,2022-04-13,13:44:00,2,13
House Wren,2022-04-03,08:35:00,1,8
Indigo Bunting,2022-04-23,12:11:00,1,12
Indigo Bunting,2022-04-22,09:02:00,1,9
Indigo Bunting,2022-04-11,15:33:00,2,15
Indigo Bunting,2022-04-14,07:44:00,1,7
Indigo Bunting,2022-04-29,18:45:00,1,18
Indigo Bunting,2022-04-19,09:08:00,5,9
Indigo Bunting,2022-04-23,12:11:00,1,12
Indigo Bunting,2022-04-14,16:34:00,2,16
Kentucky Warbler,2022-04-14,17:38:00,1,17
Kentucky Warbler,2022-04-13,09:25:00,1,9
Killdeer,2022-04-17,12:29:00,1,12
Killdeer,2022-04-13,11:41:00,1,11
Killdeer,2022-04-04,17:24:00,1,17
Killdeer,2022-04-13,17:21:00,4,17
Killdeer,2022-04-14,14:50:00,1,14
Loggerhead Shrike,2022-04-13,17:00:00,1,17
Mallard,2022-04-09,09:08:00,6,9
Mallard,2022-04-23,08:30:00,3,8
Mallard,2022-04-25,18:10:00,3,18
Mallard,2022-04-13,17:21:00,6,17
Mallard,2022-04-19,18:03:00,14,18
Mallard,2022-04-04,17:24:00,4,17
Mallard,2022-04-13,17:00:00,3,17
Mallard,2022-04-09,15:39:00,10,15
Mississippi Kite,2022-04-27,08:45:00,2,8
Mississippi Kite,2022-04-29,18:00:00,1,18
Mississippi Kite,2022-04-25,09:23:00,2,9
Mississippi Kite,2022-04-25,08:44:00,1,8
Mississippi Kite,2022-04-24,09:40:00,1,9
Mississippi Kite,2022-04-28,16:15:00,2,16
Mississippi Kite,2022-04-27,09:44:00,2,9
Mississippi Kite,2022-04-25,16:05:00,1,16
Mississippi Kite,2022-04-25,15:10:00,3,15
Mourning Dove,2022-04-28,06:17:00,1,6
Mourning Dove,2022-04-20,07:12:00,3,7
Mourning Dove,2022-04-18,08:25:00,1,8
Mourning Dove,2022-04-23,08:30:00,2,8
Mourning Dove,2022-04-29,16:37:00,1,16
Mourning Dove,2022-04-23,15:04:00,2,15
Mourning Dove,2022-04-23,10:58:00,1,10
Mourning Dove,2022-04-01,17:34:00,1,17
Mourning Dove,2022-04-28,08:44:00,1,8
Mourning Dove,2022-04-24,10:35:00,2,10
Mourning Dove,2022-04-10,11:08:00,1,11
Mourning Dove,2022-04-17,11:10:00,2,11
Mourning Dove,2022-04-13,09:41:00,1,9
Mourning Dove,2022-04-22,09:02:00,8,9
Mourning Dove,2022-04-19,18:03:00,1,18
Mourning Dove,2022-04-17,12:34:00,4,12
Mourning Dove,2022-04-27,07:27:00,1,7
Mourning Dove,2022-04-13,10:15:00,3,10
Mourning Dove,2022-04-13,08:24:00,1,8
Mourning Dove,2022-04-02,13:58:00,1,13
Mourning Dove,2022-04-25,18:10:00,1,18
Mourning Dove,2022-04-18,09:22:00,1,9
Mourning Dove,2022-04-23,17:19:00,2,17
Mourning Dove,2022-04-08,17:14:00,1,17
Mourning Dove,2022-04-23,17:19:00,2,17
Mourning Dove,2022-04-27,08:45:00,2,8
Mourning Dove,2022-04-13,17:00:00,1,17
Mourning Dove,2022-04-29,16:05:00,2,16
Mourning Dove,2022-04-14,16:34:00,2,16
Mourning Dove,2022-04-01,17:40:00,2,17
Mourning Dove,2022-04-26,17:00:00,2,17
Mourning Dove,2022-04-24,14:33:00,1,14
Mourning Dove,2022-04-02,13:15:00,1,13
Mourning Dove,2022-04-11,10:44:00,1,10
Mourning Dove,2022-04-21,15:50:00,1,15
Mourning Dove,2022-04-25,14:14:00,3,14
Mourning Dove,2022-04-23,10:55:00,2,10
Mourning Dove,2022-04-23,17:19:00,2,17
Mourning Dove,2022-04-07,18:10:00,1,18
Mourning Dove,2022-04-30,17:35:00,1,17
Mourning Dove,2022-04-16,10:30:00,1,10
Mourning Dove,2022-04-25,16:05:00,1,16
Mourning Dove,2022-04-21,18:08:00,1,18
Mourning Dove,2022-04-30,13:18:00,3,13
Mourning Dove,2022-04-19,09:08:00,1,9
Mourning Dove,2022-04-03,09:38:00,1,9
Mourning Dove,2022-04-29,18:00:00,1,18
Mourning Dove,2022-04-25,15:10:00,2,15
Mourning Dove,2022-04-02,15:31:00,3,15
Mourning Dove,2022-04-10,10:12:00,1,10
Northern Cardinal,2022-04-25,18:10:00,2,18
Northern Cardinal,2022-04-22,09:02:00,4,9
Northern Cardinal,2022-04-11,10:44:00,2,10
Northern Cardinal,2022-04-26,08:44:00,2,8
Northern Cardinal,2022-04-21,08:20:00,2,8
Northern Cardinal,2022-04-13,11:44:00,3,11
Northern Cardinal,2022-04-27,18:10:00,4,18
Northern Cardinal,2022-04-23,10:55:00,3,10
Northern Cardinal,2022-04-21,18:08:00,2,18
Northern Cardinal,2022-04-29,16:42:00,3,16
Northern Cardinal,2022-04-17,11:10:00,4,11
Northern Cardinal,2022-04-05,07:56:00,4,7
Northern Cardinal,2022-04-02,09:08:00,4,9
Northern Cardinal,2022-04-10,09:54:00,4,9
Northern Cardinal,2022-04-17,12:29:00,1,12
Northern Cardinal,2022-04-25,16:05:00,2,16
Northern Cardinal,2022-04-03,08:35:00,12,8
Northern Cardinal,2022-04-17,12:34:00,3,12
Northern Cardinal,2022-04-07,18:10:00,4,18
Northern Cardinal,2022-04-13,11:41:00,5,11
Northern Cardinal,2022-04-22,10:32:00,3,10
Northern Cardinal,2022-04-29,18:00:00,4,18
Northern Cardinal,2022-04-19,09:08:00,4,9
Northern Cardinal,2022-04-30,17:35:00,3,17
Northern Cardinal,2022-04-09,09:44:00,4,9
Northern Cardinal,2022-04-02,11:05:00,3,11
Northern Cardinal,2022-04-13,08:24:00,6,8
Northern Cardinal,2022-04-12,18:56:00,2,18
Northern Cardinal,2022-04-21,15:50:00,3,15
Northern Cardinal,2022-04-01,17:34:00,2,17
Northern Cardinal,2022-04-23,08:30:00,2,8
Northern Cardinal,2022-04-02,13:15:00,1,13
Northern Cardinal,2022-04-20,09:22:00,2,9
Northern Cardinal,2022-04-20,18:35:00,2,18
Northern Cardinal,2022-04-15,16:31:00,2,16
Northern Cardinal,2022-04-26,09:46:00,3,9
Northern Cardinal,2022-04-19,11:42:00,2,11
Northern Cardinal,2022-04-12,09:28:00,3,9
Northern Cardinal,2022-04-13,09:25:00,2,9
Northern Cardinal,2022-04-03,10:42:00,3,10
Northern Cardinal,2022-04-27,09:00:00,1,9
Northern Cardinal,2022-04-06,11:04:00,4,11
Northern Cardinal,2022-04-30,10:44:00,3,10
Northern Cardinal,2022-04-30,09:51:00,2,9
Northern Cardinal,2022-04-11,10:40:00,4,10
Northern Cardinal,2022-04-12,17:55:00,2,17
Northern Cardinal,2022-04-14,17:38:00,1,17
Northern Cardinal,2022-04-26,17:00:00,4,17
Northern Cardinal,2022-04-24,10:18:00,1,10
Northern Cardinal,2022-04-05,15:57:00,4,15
Northern Cardinal,2022-04-26,16:30:00,2,16
Northern Cardinal,2022-04-02,13:58:00,1,13
Northern Cardinal,2022-04-01,14:59:00,1,14
Northern Cardinal,2022-04-24,18:50:00,3,18
Northern Cardinal,2022-04-04,17:24:00,2,17
Northern Cardinal,2022-04-22,12:08:00,6,12
Northern Cardinal,2022-04-14,14:33:00,1,14
Northern Cardinal,2022-04-25,14:14:00,2,14
Northern Cardinal,2022-04-25,09:16:00,2,9
Northern Cardinal,2022-04-03,11:20:00,3,11
Northern Cardinal,2022-04-11,15:30:00,4,15
Northern Cardinal,2022-04-01,17:40:00,5,17
Northern Cardinal,2022-04-02,09:44:00,4,9
Northern Cardinal,2022-04-15,17:48:00,1,17
Northern Cardinal,2022-04-17,10:39:00,1,10
Northern Cardinal,2022-04-24,14:26:00,3,14
Northern Cardinal,2022-04-09,12:14:00,4,12
Northern Cardinal,2022-04-15,07:56:00,4,7
Northern Cardinal,2022-04-23,11:52:00,3,11
Northern Cardinal,2022-04-09,09:08:00,2,9
Northern Cardinal,2022-04-29,16:05:00,5,16
Northern Cardinal,2022-04-27,08:45:00,4,8
Northern Cardinal,2022-04-04,12:20:00,4,12
Northern Cardinal,2022-04-22,16:15:00,1,16
Northern Cardinal,2022-04-30,17:20:00,1,17
Northern Cardinal,2022-04-29,11:56:00,2,11
Northern Cardinal,2022-04-13,17:00:00,2,17
Northern Cardinal,2022-04-08,17:14:00,4,17
Northern Cardinal,2022-04-14,16:34:00,3,16
Northern Cardinal,2022-04-06,09:52:00,5,9
Northern Cardinal,2022-04-03,09:38:00,1,9
Northern Cardinal,2022-04-09,10:14:00,5,10
Northern Cardinal,2022-04-19,15:52:00,2,15
Northern Cardinal,2022-04-23,12:11:00,7,12
Northern Cardinal,2022-04-10,11:08:00,2,11
Northern Cardinal,2022-04-21,09:42:00,2,9
Northern Cardinal,2022-04-10,19:08:00,3,19
Northern Cardinal,2022-04-27,07:27:00,1,7
Northern Cardinal,2022-04-14,07:44:00,4,7
Northern Cardinal,2022-04-07,09:30:00,4,9
Northern Cardinal,2022-04-16,10:30:00,2,10
Northern Cardinal,2022-04-28,08:44:00,2,8
Northern Cardinal,2022-04-18,17:30:00,2,17
Northern Cardinal,2022-04-12,08:38:00,3,8
Northern Cardinal,2022-04-24,10:24:00,3,10
Northern Cardinal,2022-04-06,13:03:00,2,13
Northern Cardinal,2022-04-06,16:25:00,3,16
Northern Cardinal,2022-04-23,12:11:00,7,12
Northern Cardinal,2022-04-13,10:40:00,4,10
Northern Cardinal,2022-04-18,09:22:00,2,9
Northern Cardinal,2022-04-26,12:00:00,6,12
Northern Cardinal,2022-04-07,10:32:00,3,10
Northern Cardinal,2022-04-25,15:10:00,2,15
Northern Cardinal,2022-04-14,07:18:00,4,7
Northern Cardinal,2022-04-24,10:35:00,6,10
Northern Cardinal,2022-04-08,10:12:00,3,10
Northern Cardinal,2022-04-08,17:40:00,3,17
Northern Cardinal,2022-04-27,09:44:00,3,9
Northern Cardinal,2022-04-23,15:04:00,2,15
Northern Cardinal,2022-04-23,10:58:00,2,10
Northern Cardinal,2022-04-10,10:12:00,4,10
Northern Cardinal,2022-04-12,10:09:00,2,10
Northern Cardinal,2022-04-13,10:15:00,6,10
Northern Cardinal,2022-04-18,18:06:00,2,18
Northern Cardinal,2022-04-13,09:54:00,2,9
Northern Cardinal,2022-04-14,17:44:00,2,17
Northern Cardinal,2022-04-13,17:21:00,2,17
Northern Cardinal,2022-04-04,18:14:00,4,18
Northern Cardinal,2022-04-28,16:15:00,2,16
Northern Cardinal,2022-04-18,08:25:00,2,8
Northern Flicker,2022-04-13,08:24:00,1,8
Northern Flicker,2022-04-13,09:54:00,1,9
Northern Flicker,2022-04-28,06:17:00,2,6
Northern Flicker,2022-04-27,09:00:00,1,9
Northern Mockingbird,2022-04-09,15:39:00,1,15
Northern Mockingbird,2022-04-18,09:22:00,1,9
Northern Mockingbird,2022-04-18,17:30:00,1,17
Northern Mockingbird,2022-04-14,14:37:00,1,14
Northern Mockingbird,2022-04-11,10:40:00,1,10
Northern Mockingbird,2022-04-29,18:00:00,2,18
Northern Mockingbird,2022-04-24,10:35:00,1,10
Northern Mockingbird,2022-04-12,09:28:00,1,9
Northern Mockingbird,2022-04-26,16:30:00,1,16
Northern Mockingbird,2022-04-03,11:20:00,2,11
Northern Mockingbird,2022-04-13,08:24:00,2,8
Northern Mockingbird,2022-04-21,15:50:00,1,15
Northern Mockingbird,2022-04-22,10:32:00,1,10
Northern Mockingbird,2022-04-07,10:32:00,2,10
Northern Mockingbird,2022-04-22,12:08:00,1,12
Northern Mockingbird,2022-04-23,10:58:00,2,10
Northern Mockingbird,2022-04-04,12:20:00,2,12
Northern Mockingbird,2022-04-29,16:05:00,2,16
Northern Mockingbird,2022-04-13,11:41:00,1,11
Northern Mockingbird,2022-04-07,18:10:00,2,18
Northern Mockingbird,2022-04-26,09:46:00,1,9
Northern Mockingbird,2022-04-19,11:42:00,1,11
Northern Mockingbird,2022-04-30,10:14:00,1,10
Northern Mockingbird,2022-04-26,08:44:00,1,8
Northern Mockingbird,2022-04-03,08:35:00,1,8
Northern Mockingbird,2022-04-23,17:19:00,2,17
Northern Mockingbird,2022-04-24,10:18:00,1,10
Northern Mockingbird,2022-04-23,08:30:00,2,8
Northern Mockingbird,2022-04-30,10:44:00,1,10
Northern Mockingbird,2022-04-17,12:29:00,1,12
Northern Mockingbird,2022-04-09,09:08:00,1,9
Northern Mockingbird,2022-04-01,17:34:00,2,17
Northern Mockingbird,2022-04-25,18:10:00,1,18
Northern Mockingbird,2022-04-13,17:21:00,1,17
Northern Mockingbird,2022-04-02,15:31:00,1,15
Northern Mockingbird,2022-04-23,17:19:00,2,17
Northern Mockingbird,2022-04-21,09:42:00,1,9
Northern Mockingbird,2022-04-25,08:44:00,1,8
Northern Mockingbird,2022-04-09,10:14:00,1,10
Northern Mockingbird,2022-04-23,15:04:00,1,15
Northern Mockingbird,2022-04-01,14:59:00,1,14
Northern Mockingbird,2022-04-04,18:14:00,2,18
Northern Mockingbird,2022-04-01,17:40:00,1,17
Northern Mockingbird,2022-04-05,15:57:00,1,15
Northern Mockingbird,2022-04-17,12:34:00,1,12
Northern Mockingbird,2022-04-13,17:00:00,2,17
Northern Mockingbird,2022-04-08,10:12:00,1,10
Northern Mockingbird,2022-04-14,16:34:00,1,16
Northern Mockingbird,2022-04-08,17:40:00,1,17
Northern Mockingbird,2022-04-29,16:42:00,1,16
Northern Mockingbird,2022-04-16,10:30:00,1,10
Northern Mockingbird,2022-04-23,17:19:00,2,17
Northern Mockingbird,2022-04-22,16:15:00,3,16
Northern Mockingbird,2022-04-02,11:05:00,1,11
Northern Mockingbird,2022-04-27,18:10:00,1,18
Northern Mockingbird,2022-04-19,15:52:00,1,15
Northern Mockingbird,2022-04-30,17:20:00,1,17
Northern Mockingbird,2022-04-24,18:50:00,1,18
Northern Mockingbird,2022-04-13,13:44:00,3,13
Northern Mockingbird,2022-04-13,10:15:00,4,10
Northern Mockingbird,2022-04-12,18:56:00,2,18
Northern Mockingbird,2022-04-02,09:08:00,1,9
Northern Mockingbird,2022-04-07,09:30:00,1,9
Northern Mockingbird,2022-04-27,09:00:00,1,9
Northern Mockingbird,2022-04-25,16:05:00,1,16
Northern Mockingbird,2022-04-06,11:04:00,1,11
Northern Mockingbird,2022-04-02,13:58:00,5,13
Northern Mockingbird,2022-04-24,14:26:00,2,14
Northern Mockingbird,2022-04-15,16:31:00,1,16
Northern Mockingbird,2022-04-14,17:38:00,1,17
Northern Mockingbird,2022-04-28,06:17:00,1,6
Northern Mockingbird,2022-04-17,11:10:00,1,11
Northern Mockingbird,2022-04-10,09:54:00,1,9
Northern Mockingbird,2022-04-14,07:18:00,1,7
Northern Mockingbird,2022-04-04,17:24:00,2,17
Northern Mockingbird,2022-04-20,18:35:00,1,18
Northern Mockingbird,2022-04-30,17:35:00,1,17
Northern Mockingbird,2022-04-28,08:14:00,2,8
Northern Mockingbird,2022-04-14,07:44:00,1,7
Northern Mockingbird,2022-04-18,18:06:00,1,18
Northern Mockingbird,2022-04-22,09:02:00,2,9
Northern Mockingbird,2022-04-27,08:42:00,1,8
Northern Mockingbird,2022-04-09,09:44:00,1,9
Northern Mockingbird,2022-04-08,17:14:00,2,17
Northern Mockingbird,2022-04-24,14:33:00,2,14
Northern Parula,2022-04-26,17:00:00,1,17
Northern Parula,2022-04-13,11:41:00,1,11
Northern Parula,2022-04-26,12:00:00,2,12
Northern Parula,2022-04-27,08:45:00,2,8
Northern Shoveler,2022-04-20,07:46:00,1,7
Northern Waterthrush,2022-04-29,16:05:00,1,16
Northern Rough-winged Swallow,2022-04-13,08:24:00,2,8
Northern Rough-winged Swallow,2022-04-09,13:02:00,2,13
Northern Rough-winged Swallow,2022-04-03,08:35:00,1,8
Northern Rough-winged Swallow,2022-04-22,09:02:00,2,9
Northern Rough-winged Swallow,2022-04-09,09:08:00,4,9
Northern Rough-winged Swallow,2022-04-13,10:15:00,9,10
Orchard Oriole,2022-04-13,17:00:00,1,17
Orchard Oriole,2022-04-22,09:02:00,3,9
Orange-crowned Warbler,2022-04-03,08:35:00,2,8
Orange-crowned Warbler,2022-04-03,09:38:00,1,9
Orange-crowned Warbler,2022-04-01,17:34:00,1,17
Osprey,2022-04-09,09:08:00,1,9
Palm Warbler,2022-04-22,09:02:00,2,9
Palm Warbler,2022-04-20,18:35:00,1,18
Palm Warbler,2022-04-23,08:30:00,3,8
Palm Warbler,2022-04-03,08:35:00,1,8
Palm Warbler,2022-04-23,12:11:00,1,12
Palm Warbler,2022-04-23,12:11:00,1,12
Palm Warbler,2022-04-24,10:18:00,2,10
Pied-billed Grebe,2022-04-14,15:14:00,2,15
Pileated Woodpecker,2022-04-19,09:08:00,1,9
Pileated Woodpecker,2022-04-24,10:02:00,1,10
Pine Warbler,2022-04-23,12:11:00,1,12
Pine Warbler,2022-04-16,16:33:00,1,16
Pine Warbler,2022-04-27,08:45:00,1,8
Pine Warbler,2022-04-23,12:11:00,1,12
Pine Warbler,2022-04-26,12:00:00,2,12
Pine Warbler,2022-04-13,10:15:00,4,10
Pine Warbler,2022-04-03,08:35:00,1,8
Pine Warbler,2022-04-25,15:10:00,1,15
Prairie Warbler,2022-04-11,15:33:00,5,15
Prairie Warbler,2022-04-09,13:12:00,1,13
Prairie Warbler,2022-04-03,08:35:00,1,8
Prothonotary Warbler,2022-04-27,08:45:00,1,8
Prothonotary Warbler,2022-04-26,12:00:00,1,12
Purple Finch,2022-04-25,14:14:00,1,14
Purple Finch,2022-04-18,08:28:00,2,8
Purple Finch,2022-04-13,09:41:00,1,9
Purple Finch,2022-04-26,07:35:00,3,7
Purple Finch,2022-04-23,10:55:00,6,10
Purple Finch,2022-04-02,13:40:00,1,13
Purple Finch,2022-04-17,09:12:00,2,9
Purple Finch,2022-04-06,13:03:00,1,13
Purple Finch,2022-04-11,10:44:00,2,10
Purple Finch,2022-04-12,11:32:00,1,11
Purple Martin,2022-04-14,15:14:00,8,15
Purple Martin,2022-04-09,13:02:00,3,13
Purple Martin,2022-04-19,18:03:00,14,18
Purple Martin,2022-04-01,14:11:00,2,14
Purple Martin,2022-04-22,09:02:00,2,9
Purple Martin,2022-04-13,17:00:00,4,17
Purple Martin,2022-04-04,17:24:00,2,17
Purple Martin,2022-04-14,14:50:00,20,14
Purple Martin,2022-04-23,08:30:00,4,8
Red-bellied Woodpecker,2022-04-03,08:35:00,2,8
Red-bellied Woodpecker,2022-04-26,12:00:00,2,12
Red-bellied Woodpecker,2022-04-25,15:10:00,1,15
Red-bellied Woodpecker,2022-04-24,10:35:00,2,10
Red-bellied Woodpecker,2022-04-26,17:00:00,2,17
Red-bellied Woodpecker,2022-04-03,09:38:00,1,9
Red-bellied Woodpecker,2022-04-06,16:25:00,1,16
Red-bellied Woodpecker,2022-04-27,08:45:00,2,8
Red-bellied Woodpecker,2022-04-13,09:54:00,1,9
Red-bellied Woodpecker,2022-04-25,18:10:00,1,18
Red-bellied Woodpecker,2022-04-21,08:20:00,2,8
Red-bellied Woodpecker,2022-04-25,14:14:00,1,14
Red-bellied Woodpecker,2022-04-10,11:08:00,1,11
Red-bellied Woodpecker,2022-04-23,12:11:00,2,12
Red-bellied Woodpecker,2022-04-13,09:41:00,1,9
Red-bellied Woodpecker,2022-04-27,08:42:00,1,8
Red-bellied Woodpecker,2022-04-12,09:28:00,1,9
Red-bellied Woodpecker,2022-04-29,18:00:00,1,18
Red-bellied Woodpecker,2022-04-01,17:34:00,2,17
Red-bellied Woodpecker,2022-04-02,13:15:00,1,13
Red-bellied Woodpecker,2022-04-06,13:03:00,1,13
Red-bellied Woodpecker,2022-04-13,10:15:00,1,10
Red-bellied Woodpecker,2022-04-29,16:37:00,1,16
Red-bellied Woodpecker,2022-04-27,18:10:00,1,18
Red-bellied Woodpecker,2022-04-23,12:11:00,2,12
Red-bellied Woodpecker,2022-04-23,10:55:00,1,10
Red-bellied Woodpecker,2022-04-24,18:50:00,1,18
Red-bellied Woodpecker,2022-04-12,10:09:00,1,10
Red-bellied Woodpecker,2022-04-19,09:08:00,1,9
Red-bellied Woodpecker,2022-04-23,16:10:00,1,16
Red-bellied Woodpecker,2022-04-14,17:44:00,1,17
Red-bellied Woodpecker,2022-04-27,09:00:00,1,9
Red-bellied Woodpecker,2022-04-11,10:44:00,1,10
Red-bellied Woodpecker,2022-04-18,17:30:00,1,17
Red-eyed Vireo,2022-04-13,11:41:00,1,11
Red-eyed Vireo,2022-04-03,08:35:00,1,8
Red-eyed Vireo,2022-04-23,12:11:00,3,12
Red-eyed Vireo,2022-04-23,12:11:00,3,12
Red-eyed Vireo,2022-04-09,13:12:00,1,13
Red-eyed Vireo,2022-04-27,08:45:00,1,8
Red-eyed Vireo,2022-04-24,10:35:00,1,10
Red-headed Woodpecker,2022-04-03,08:35:00,2,8
Red-headed Woodpecker,2022-04-24,10:35:00,1,10
Red-headed Woodpecker,2022-04-18,15:25:00,1,15
Red-headed Woodpecker,2022-04-30,17:20:00,1,17
Red-shouldered Hawk,2022-04-12,14:07:00,1,14
Red-shouldered Hawk,2022-04-24,10:35:00,1,10
Red-shouldered Hawk,2022-04-13,08:09:00,1,8
Red-shouldered Hawk,2022-04-23,12:11:00,1,12
Red-shouldered Hawk,2022-04-23,12:11:00,1,12
Red-shouldered Hawk,2022-04-29,16:05:00,1,16
Red-shouldered Hawk,2022-04-30,17:20:00,1,17
Red-shouldered Hawk,2022-04-23,17:19:00,1,17
Red-shouldered Hawk,2022-04-23,17:19:00,1,17
Red-shouldered Hawk,2022-04-23,17:19:00,1,17
Red-tailed Hawk,2022-04-24,10:35:00,3,10
Red-tailed Hawk,2022-04-17,16:30:00,1,16
Red-tailed Hawk,2022-04-18,17:19:00,1,17
Red-tailed Hawk,2022-04-29,16:37:00,1,16
Red-tailed Hawk,2022-04-14,16:34:00,1,16
Red-tailed Hawk,2022-04-13,08:09:00,1,8
Red-tailed Hawk,2022-04-17,11:30:00,1,11
Red-tailed Hawk,2022-04-26,16:30:00,1,16
Red-tailed Hawk,2022-04-23,10:04:00,1,10
Red-tailed Hawk,2022-04-13,13:42:00,1,13
Red-winged Blackbird,2022-04-14,14:37:00,2,14
Red-winged Blackbird,2022-04-13,08:09:00,1,8
Red-winged Blackbird,2022-04-22,09:02:00,2,9
Red-winged Blackbird,2022-04-17,12:29:00,4,12
Red-winged Blackbird,2022-04-09,12:14:00,1,12
Red-winged Blackbird,2022-04-13,17:00:00,2,17
Red-winged Blackbird,2022-04-13,17:21:00,4,17
Red-winged Blackbird,2022-04-05,07:56:00,2,7
Red-winged Blackbird,2022-04-23,08:30:00,2,8
Red-winged Blackbird,2022-04-09,10:14:00,1,10
Red-winged Blackbird,2022-04-03,11:20:00,2,11
Red-winged Blackbird,2022-04-11,15:30:00,1,15
Red-winged Blackbird,2022-04-29,16:05:00,1,16
Red-winged Blackbird,2022-04-01,17:40:00,4,17
Red-winged Blackbird,2022-04-04,17:24:00,4,17
Red-winged Blackbird,2022-04-07,18:10:00,2,18
Red-winged Blackbird,2022-04-01,17:34:00,50,17
Red-winged Blackbird,2022-04-02,09:08:00,1,9
Red-winged Blackbird,2022-04-03,08:35:00,1,8
Red-winged Blackbird,2022-04-13,10:15:00,4,10
Red-winged Blackbird,2022-04-03,10:42:00,4,10
Red-winged Blackbird,2022-04-06,11:04:00,2,11
Red-winged Blackbird,2022-04-05,15:57:00,3,15
Red-winged Blackbird,2022-04-08,17:14:00,1,17
Red-winged Blackbird,2022-04-23,17:19:00,3,17
Red-winged Blackbird,2022-04-23,17:19:00,3,17
Red-winged Blackbird,2022-04-23,17:19:00,3,17
Rose-breasted Grosbeak,2022-04-21,08:20:00,3,8
Rose-breasted Grosbeak,2022-04-18,08:25:00,1,8
Rose-breasted Grosbeak,2022-04-22,14:30:00,1,14
Rose-breasted Grosbeak,2022-04-17,18:10:00,2,18
Rose-breasted Grosbeak,2022-04-23,16:10:00,1,16
Rose-breasted Grosbeak,2022-04-18,11:20:00,2,11
Rose-breasted Grosbeak,2022-04-19,09:08:00,2,9
Rose-breasted Grosbeak,2022-04-17,08:04:00,1,8
Rose-breasted Grosbeak,2022-04-21,15:50:00,3,15
Rose-breasted Grosbeak,2022-04-16,08:35:00,1,8
Rose-breasted Grosbeak,2022-04-18,17:30:00,1,17
Rock Pigeon,2022-04-23,17:19:00,3,17
Rock Pigeon,2022-04-29,16:37:00,1,16
Rock Pigeon,2022-04-23,17:19:00,3,17
Rock Pigeon,2022-04-23,17:19:00,3,17
Ruby-throated Hummingbird,2022-04-02,11:05:00,1,11
Ruby-throated Hummingbird,2022-04-26,17:00:00,1,17
Ruby-throated Hummingbird,2022-04-13,17:21:00,2,17
Ruby-throated Hummingbird,2022-04-02,13:15:00,1,13
Ruby-throated Hummingbird,2022-04-23,15:04:00,1,15
Ruby-throated Hummingbird,2022-04-04,17:24:00,3,17
Ruby-crowned Kinglet,2022-04-23,12:11:00,1,12
Ruby-crowned Kinglet,2022-04-23,12:11:00,1,12
Ruby-crowned Kinglet,2022-04-01,17:34:00,1,17
Ruby-crowned Kinglet,2022-04-03,08:35:00,5,8
Ruby-crowned Kinglet,2022-04-03,09:38:00,1,9
Savannah Sparrow,2022-04-22,09:02:00,1,9
Scarlet Tanager,2022-04-20,07:46:00,1,7
Scarlet Tanager,2022-04-26,17:00:00,1,17
Sharp-shinned Hawk,2022-04-29,16:05:00,1,16
Song Sparrow,2022-04-17,12:34:00,2,12
Summer Tanager,2022-04-13,10:15:00,1,10
Summer Tanager,2022-04-25,15:10:00,1,15
Summer Tanager,2022-04-24,11:40:00,1,11
Summer Tanager,2022-04-30,17:20:00,1,17
Summer Tanager,2022-04-22,16:15:00,1,16
Summer Tanager,2022-04-26,12:00:00,1,12
Summer Tanager,2022-04-23,12:11:00,3,12
Summer Tanager,2022-04-24,10:35:00,1,10
Summer Tanager,2022-04-26,17:00:00,1,17
Summer Tanager,2022-04-27,07:27:00,1,7
Summer Tanager,2022-04-27,08:45:00,2,8
Summer Tanager,2022-04-23,12:11:00,3,12
Tree Swallow,2022-04-24,10:02:00,1,10
Tree Swallow,2022-04-25,15:10:00,2,15
Tree Swallow,2022-04-29,16:37:00,1,16
Tufted Titmouse,2022-04-13,08:24:00,2,8
Tufted Titmouse,2022-04-23,12:11:00,5,12
Tufted Titmouse,2022-04-01,17:40:00,1,17
Tufted Titmouse,2022-04-03,08:35:00,4,8
Tufted Titmouse,2022-04-21,08:20:00,1,8
Tufted Titmouse,2022-04-23,12:11:00,5,12
Tufted Titmouse,2022-04-13,09:25:00,2,9
Tufted Titmouse,2022-04-26,17:00:00,1,17
Tufted Titmouse,2022-04-13,10:15:00,2,10
Tufted Titmouse,2022-04-19,09:08:00,2,9
Tufted Titmouse,2022-04-09,10:14:00,2,10
Tufted Titmouse,2022-04-26,12:00:00,2,12
Tufted Titmouse,2022-04-27,09:00:00,2,9
Tufted Titmouse,2022-04-27,18:10:00,1,18
Tufted Titmouse,2022-04-22,10:32:00,1,10
Tufted Titmouse,2022-04-30,17:35:00,1,17
Tufted Titmouse,2022-04-13,11:41:00,2,11
Tufted Titmouse,2022-04-25,16:05:00,1,16
Tufted Titmouse,2022-04-15,07:56:00,1,7
Tufted Titmouse,2022-04-29,16:05:00,1,16
Tufted Titmouse,2022-04-26,16:30:00,1,16
Tufted Titmouse,2022-04-20,09:22:00,1,9
Tufted Titmouse,2022-04-12,17:55:00,1,17
Tufted Titmouse,2022-04-24,10:35:00,4,10
Tufted Titmouse,2022-04-17,12:34:00,2,12
Tufted Titmouse,2022-04-05,15:57:00,1,15
Tufted Titmouse,2022-04-01,17:34:00,4,17
Tufted Titmouse,2022-04-06,09:52:00,2,9
Turkey Vulture,2022-04-29,16:46:00,1,16
Turkey Vulture,2022-04-23,12:11:00,2,12
Turkey Vulture,2022-04-14,16:34:00,5,16
Turkey Vulture,2022-04-23,17:19:00,2,17
Turkey Vulture,2022-04-26,16:30:00,1,16
Turkey Vulture,2022-04-13,10:15:00,2,10
Turkey Vulture,2022-04-15,14:13:00,3,14
Turkey Vulture,2022-04-23,12:11:00,2,12
Turkey Vulture,2022-04-23,17:19:00,2,17
Turkey Vulture,2022-04-24,14:26:00,1,14
Turkey Vulture,2022-04-23,17:19:00,2,17
Turkey Vulture,2022-04-24,10:35:00,1,10
Turkey Vulture,2022-04-14,15:14:00,4,15
Turkey Vulture,2022-04-22,09:02:00,3,9
Turkey Vulture,2022-04-22,09:19:00,3,9
Turkey Vulture,2022-04-23,08:30:00,5,8
Turkey Vulture,2022-04-27,09:00:00,1,9
Turkey Vulture,2022-04-13,11:41:00,1,11
Turkey Vulture,2022-04-04,17:24:00,1,17
White-breasted Nuthatch,2022-04-13,08:24:00,1,8
White-eyed Vireo,2022-04-23,12:11:00,4,12
White-eyed Vireo,2022-04-13,09:25:00,3,9
White-eyed Vireo,2022-04-02,13:58:00,1,13
White-eyed Vireo,2022-04-03,08:35:00,2,8
White-eyed Vireo,2022-04-19,09:08:00,2,9
White-eyed Vireo,2022-04-24,10:35:00,2,10
White-eyed Vireo,2022-04-01,17:34:00,1,17
White-eyed Vireo,2022-04-23,12:11:00,4,12
White-throated Sparrow,2022-04-03,08:35:00,3,8
White-throated Sparrow,2022-04-06,16:25:00,2,16
White-throated Sparrow,2022-04-05,07:56:00,1,7
White-throated Sparrow,2022-04-12,17:55:00,5,17
White-throated Sparrow,2022-04-09,12:14:00,1,12
White-throated Sparrow,2022-04-20,18:35:00,1,18
White-throated Sparrow,2022-04-12,09:28:00,1,9
White-throated Sparrow,2022-04-08,17:40:00,3,17
White-throated Sparrow,2022-04-01,17:34:00,6,17
White-winged Dove,2022-04-07,18:10:00,5,18
White-winged Dove,2022-04-11,15:30:00,5,15
White-winged Dove,2022-04-07,09:30:00,5,9
White-winged Dove,2022-04-12,09:28:00,5,9
White-winged Dove,2022-04-02,09:08:00,3,9
White-winged Dove,2022-04-28,16:15:00,7,16
White-winged Dove,2022-04-10,10:12:00,5,10
White-winged Dove,2022-04-20,07:12:00,5,7
White-winged Dove,2022-04-05,15:57:00,2,15
White-winged Dove,2022-04-27,08:42:00,3,8
White-winged Dove,2022-04-06,16:25:00,4,16
White-winged Dove,2022-04-28,08:14:00,4,8
White-winged Dove,2022-04-27,18:10:00,4,18
White-winged Dove,2022-04-11,10:40:00,9,10
White-winged Dove,2022-04-07,10:32:00,4,10
White-winged Dove,2022-04-30,10:44:00,1,10
White-winged Dove,2022-04-06,11:04:00,11,11
White-winged Dove,2022-04-18,09:22:00,5,9
White-winged Dove,2022-04-08,17:40:00,1,17
White-winged Dove,2022-04-08,10:12:00,3,10
White-winged Dove,2022-04-12,17:55:00,2,17
White-winged Dove,2022-04-25,09:16:00,4,9
White-winged Dove,2022-04-14,17:38:00,1,17
White-winged Dove,2022-04-23,10:58:00,2,10
White-winged Dove,2022-04-18,17:30:00,5,17
White-winged Dove,2022-04-30,17:35:00,4,17
White-winged Dove,2022-04-09,12:14:00,4,12
White-winged Dove,2022-04-26,08:44:00,4,8
White-winged Dove,2022-04-29,11:56:00,2,11
White-winged Dove,2022-04-28,08:44:00,2,8
White-winged Dove,2022-04-15,07:56:00,3,7
White-winged Dove,2022-04-12,18:56:00,2,18
White-winged Dove,2022-04-13,10:40:00,3,10
White-winged Dove,2022-04-27,09:44:00,4,9
White-winged Dove,2022-04-25,16:05:00,4,16
White-winged Dove,2022-04-05,07:56:00,5,7
White-winged Dove,2022-04-23,11:52:00,2,11
White-winged Dove,2022-04-29,16:42:00,4,16
White-winged Dove,2022-04-04,12:20:00,2,12
White-winged Dove,2022-04-22,16:15:00,2,16
White-winged Dove,2022-04-14,07:44:00,3,7
White-winged Dove,2022-04-19,18:09:00,3,18
White-winged Dove,2022-04-27,09:00:00,4,9
White-winged Dove,2022-04-14,14:33:00,3,14
White-winged Dove,2022-04-12,08:38:00,4,8
White-winged Dove,2022-04-10,09:54:00,5,9
White-winged Dove,2022-04-21,15:50:00,2,15
White-winged Dove,2022-04-14,07:18:00,11,7
White-winged Dove,2022-04-19,11:42:00,3,11
White-winged Dove,2022-04-06,09:52:00,7,9
White-winged Dove,2022-04-18,18:06:00,3,18
White-winged Dove,2022-04-21,08:20:00,2,8
White-winged Dove,2022-04-17,12:34:00,1,12
White-winged Dove,2022-04-20,09:22:00,3,9
White-winged Dove,2022-04-01,17:40:00,2,17
White-winged Dove,2022-04-23,16:10:00,3,16
White-winged Dove,2022-04-26,16:30:00,2,16
White-winged Dove,2022-04-21,18:08:00,4,18
White-winged Dove,2022-04-09,10:14:00,3,10
Wilson's Snipe,2022-04-14,14:37:00,1,14
Wild Turkey,2022-04-08,14:47:00,1,14
Wild Turkey,2022-04-02,08:00:00,2,8
Wild Turkey,2022-04-11,15:33:00,3,15
Wood Duck,2022-04-25,18:10:00,3,18
Wood Thrush,2022-04-27,18:10:00,1,18
Wood Thrush,2022-04-29,11:56:00,1,11
Wood Thrush,2022-04-13,09:25:00,1,9
Wood Thrush,2022-04-01,17:34:00,1,17
Wood Thrush,2022-04-02,08:00:00,1,8
House/Purple Finch,2022-04-25,14:14:00,5,14
House/Purple Finch,2022-04-06,13:03:00,2,13
House/Purple Finch,2022-04-18,08:28:00,4,8
American Coot,2022-04-09,15:39:00,3,15
American Coot,2022-04-14,14:50:00,22,14
American Coot,2022-04-19,18:03:00,4,18
American Coot,2022-04-17,12:29:00,4,12
Yellow-rumped Warbler,2022-04-24,10:18:00,1,10
Yellow-rumped Warbler,2022-04-23,12:11:00,7,12
Yellow-rumped Warbler,2022-04-23,12:11:00,7,12
Yellow-rumped Warbler,2022-04-24,10:35:00,3,10
Yellow-rumped Warbler,2022-04-03,08:35:00,14,8
Yellow-rumped Warbler,2022-04-23,08:30:00,2,8
Yellow-rumped Warbler,2022-04-13,08:24:00,3,8
Yellow-rumped Warbler,2022-04-14,16:34:00,3,16
Yellow-rumped Warbler,2022-04-24,18:50:00,2,18
Yellow-rumped Warbler,2022-04-12,17:55:00,2,17
Yellow-rumped Warbler,2022-04-03,11:20:00,1,11
Yellow-rumped Warbler,2022-04-14,17:38:00,2,17
Yellow-rumped Warbler,2022-04-13,17:00:00,1,17
Yellow-rumped Warbler,2022-04-06,16:25:00,1,16
Yellow-rumped Warbler,2022-04-01,17:34:00,2,17
Yellow-rumped Warbler,2022-04-26,16:30:00,1,16
Yellow-rumped Warbler,2022-04-13,10:15:00,11,10
Yellow-rumped Warbler,2022-04-27,18:10:00,3,18
Yellow-rumped Warbler,2022-04-04,18:14:00,1,18
Yellow-rumped Warbler,2022-04-09,09:08:00,1,9
Yellow-rumped Warbler,2022-04-04,17:24:00,2,17
Yellow-rumped Warbler,2022-04-03,09:38:00,2,9
Yellow-throated Vireo,2022-04-23,08:30:00,1,8
Yellow-throated Vireo,2022-04-27,08:45:00,1,8
Yellow-throated Warbler,2022-04-11,15:33:00,1,15
